{"count":1,"self":562.430464,"total":4487.2745828,"children":{"InitializeActuators":{"count":14,"self":0.001999,"total":0.001999,"children":null},"InitializeSensors":{"count":14,"self":0.0039984999999999995,"total":0.0039984999999999995,"children":null},"AgentSendState":{"count":290901,"self":779.18986239999992,"total":954.134927,"children":{"CollectObservations":{"count":4072614,"self":98.4985152,"total":98.4985133,"children":null},"WriteActionMask":{"count":4072614,"self":1.3249138999999999,"total":1.3249138999999999,"children":null},"RequestDecision":{"count":4072614,"self":8.3930544,"total":75.121653,"children":{"AgentInfo.ToProto":{"count":4072614,"self":8.3467712,"total":66.7285984,"children":{"GenerateSensorData":{"count":4072614,"self":46.8209376,"total":58.3818269,"children":{"RayPerceptionSensor.Perceive":{"count":4072614,"self":11.560891199999999,"total":11.5608908,"children":null}}}}}}}}},"DecideAction":{"count":290901,"self":2966.9146624,"total":2966.9147267,"children":null},"AgentAct":{"count":290901,"self":3.7605475999999998,"total":3.7605475,"children":null},"AgentInfo.ToProto":{"count":1291,"self":0.0029457,"total":0.026928399999999998,"children":{"GenerateSensorData":{"count":1291,"self":0.015020299999999999,"total":0.0239827,"children":{"RayPerceptionSensor.Perceive":{"count":1291,"self":0.0089623999999999988,"total":0.0089623999999999988,"children":null}}}}}},"gauges":{"Drive.CumulativeReward":{"count":1291,"max":1486.811,"min":-103.741737,"runningAverage":491.724121,"value":1486.75452,"weightedAverage":1026.35657}},"metadata":{"timer_format_version":"0.1.0","start_time_seconds":"1677010273","unity_version":"2021.3.17f1","command_line_arguments":"E:\\Programas\\Unity Editors\\2021.3.17f1\\Editor\\Unity.exe -projectpath E:\\UBA No Sync\\Inteligencia Artificial\\ai-driver -useHub -hubIPC -cloudEnvironment production -licensingIpc LicenseClient-marce -hubSessionId d2e34410-b1e5-11ed-97a7-5f16aa247609 -accessToken gV4p6q36q4eJJIu_tsH6RNErMU9GRCzWVmV6an3h_MY004f","communication_protocol_version":"1.5.0","com.unity.ml-agents_version":"2.0.1","scene_name":"SampleScene","end_time_seconds":"1677014760"}}