{
    "name": "root",
    "gauges": {
        "Drive.Policy.Entropy.mean": {
            "value": 1.413826823234558,
            "min": 1.410974383354187,
            "max": 1.434043288230896,
            "count": 12
        },
        "Drive.Policy.Entropy.sum": {
            "value": 70691.34375,
            "min": 37199.72265625,
            "max": 72035.9140625,
            "count": 12
        },
        "Drive.Step.mean": {
            "value": 1649999.0,
            "min": 1099948.0,
            "max": 1649999.0,
            "count": 12
        },
        "Drive.Step.sum": {
            "value": 1649999.0,
            "min": 1099948.0,
            "max": 1649999.0,
            "count": 12
        },
        "Drive.Policy.ExtrinsicValueEstimate.mean": {
            "value": -60.31002426147461,
            "min": -66.85965728759766,
            "max": -4.60248327255249,
            "count": 12
        },
        "Drive.Policy.ExtrinsicValueEstimate.sum": {
            "value": -50419.1796875,
            "min": -56095.25,
            "max": -2297.944580078125,
            "count": 12
        },
        "Drive.Environment.EpisodeLength.mean": {
            "value": 480.0192307692308,
            "min": 426.4396551724138,
            "max": 500.7826086956522,
            "count": 12
        },
        "Drive.Environment.EpisodeLength.sum": {
            "value": 49922.0,
            "min": 23036.0,
            "max": 50516.0,
            "count": 12
        },
        "Drive.Environment.CumulativeReward.mean": {
            "value": -290.18607552051543,
            "min": -301.73769106323067,
            "max": -30.440240728405286,
            "count": 12
        },
        "Drive.Environment.CumulativeReward.sum": {
            "value": -30469.53792965412,
            "min": -33940.48252534866,
            "max": -3226.6655172109604,
            "count": 12
        },
        "Drive.Policy.ExtrinsicReward.mean": {
            "value": -290.18607552051543,
            "min": -301.73769106323067,
            "max": -30.440240728405286,
            "count": 12
        },
        "Drive.Policy.ExtrinsicReward.sum": {
            "value": -30469.53792965412,
            "min": -33940.48252534866,
            "max": -3226.6655172109604,
            "count": 12
        },
        "Drive.Losses.PolicyLoss.mean": {
            "value": 0.0205727997670571,
            "min": 0.0205727997670571,
            "max": 0.0266931635250027,
            "count": 12
        },
        "Drive.Losses.PolicyLoss.sum": {
            "value": 0.1028639988352855,
            "min": 0.0533863270500054,
            "max": 0.1315206380871435,
            "count": 12
        },
        "Drive.Losses.ValueLoss.mean": {
            "value": 162.44536712646484,
            "min": 29.20988524754842,
            "max": 231.20400095621744,
            "count": 12
        },
        "Drive.Losses.ValueLoss.sum": {
            "value": 812.2268356323242,
            "min": 58.41977049509684,
            "max": 1156.0200047810872,
            "count": 12
        },
        "Drive.Policy.LearningRate.mean": {
            "value": 0.00020224281258574,
            "min": 0.00020224281258574,
            "max": 0.00023461697179435006,
            "count": 12
        },
        "Drive.Policy.LearningRate.sum": {
            "value": 0.0010112140629287,
            "min": 0.0004692339435887001,
            "max": 0.00116229839256724,
            "count": 12
        },
        "Drive.Policy.Epsilon.mean": {
            "value": 0.16741426000000004,
            "min": 0.16741426000000004,
            "max": 0.17820564999999994,
            "count": 12
        },
        "Drive.Policy.Epsilon.sum": {
            "value": 0.8370713000000002,
            "min": 0.3564112999999999,
            "max": 0.88743276,
            "count": 12
        },
        "Drive.Policy.Beta.mean": {
            "value": 0.0033739715740000002,
            "min": 0.0033739715740000002,
            "max": 0.003912461935,
            "count": 12
        },
        "Drive.Policy.Beta.sum": {
            "value": 0.01686985787,
            "min": 0.00782492387,
            "max": 0.019382894724,
            "count": 12
        },
        "Drive.IsTraining.mean": {
            "value": 1.0,
            "min": 1.0,
            "max": 1.0,
            "count": 12
        },
        "Drive.IsTraining.sum": {
            "value": 1.0,
            "min": 1.0,
            "max": 1.0,
            "count": 12
        }
    },
    "metadata": {
        "timer_format_version": "0.1.0",
        "start_time_seconds": "1676506702",
        "python_version": "3.9.13 (tags/v3.9.13:6de2ca5, May 17 2022, 16:36:42) [MSC v.1929 64 bit (AMD64)]",
        "command_line_arguments": "E:\\UBA No Sync\\Inteligencia Artificial\\ai-driver\\venv\\Scripts\\mlagents-learn config/configuration.yaml --run-id=M2 --resume",
        "mlagents_version": "0.30.0",
        "mlagents_envs_version": "0.30.0",
        "communication_protocol_version": "1.5.0",
        "pytorch_version": "1.7.1+cu110",
        "numpy_version": "1.21.2",
        "end_time_seconds": "1676507927"
    },
    "total": 1224.4377940000002,
    "count": 1,
    "self": 0.007004800000231626,
    "children": {
        "run_training.setup": {
            "total": 0.12663350000000007,
            "count": 1,
            "self": 0.12663350000000007
        },
        "TrainerController.start_learning": {
            "total": 1224.3041557,
            "count": 1,
            "self": 3.0218806000000313,
            "children": {
                "TrainerController._reset_env": {
                    "total": 21.4936925,
                    "count": 1,
                    "self": 21.4936925
                },
                "TrainerController.advance": {
                    "total": 1199.6970283999997,
                    "count": 152633,
                    "self": 2.6581422999979623,
                    "children": {
                        "env_step": {
                            "total": 1003.3558775000106,
                            "count": 152633,
                            "self": 705.911187799997,
                            "children": {
                                "SubprocessEnvManager._take_step": {
                                    "total": 295.65319679998527,
                                    "count": 152636,
                                    "self": 8.876115900010689,
                                    "children": {
                                        "TorchPolicy.evaluate": {
                                            "total": 286.7770808999746,
                                            "count": 152636,
                                            "self": 286.7770808999746
                                        }
                                    }
                                },
                                "workers": {
                                    "total": 1.791492900028313,
                                    "count": 152632,
                                    "self": 0.0,
                                    "children": {
                                        "worker_root": {
                                            "total": 1122.2059088999958,
                                            "count": 152632,
                                            "is_parallel": true,
                                            "self": 634.7004653000017,
                                            "children": {
                                                "steps_from_proto": {
                                                    "total": 0.0019511000000012046,
                                                    "count": 4,
                                                    "is_parallel": true,
                                                    "self": 0.0006395999999906365,