{
    "name": "root",
    "gauges": {
        "Drive.Policy.Entropy.mean": {
            "value": 1.1044464111328125,
            "min": 1.1044464111328125,
            "max": 1.106052041053772,
            "count": 2
        },
        "Drive.Policy.Entropy.sum": {
            "value": 55147.21875,
            "min": 23426.181640625,
            "max": 55147.21875,
            "count": 2
        },
        "Drive.Step.mean": {
            "value": 11399997.0,
            "min": 11349984.0,
            "max": 11399997.0,
            "count": 2
        },
        "Drive.Step.sum": {
            "value": 11399997.0,
            "min": 11349984.0,
            "max": 11399997.0,
            "count": 2
        },
        "Drive.Policy.ExtrinsicValueEstimate.mean": {
            "value": 8.61070442199707,
            "min": 8.61070442199707,
            "max": 9.765151977539062,
            "count": 2
        },
        "Drive.Policy.ExtrinsicValueEstimate.sum": {
            "value": 6862.7314453125,
            "min": 3095.55322265625,
            "max": 6862.7314453125,
            "count": 2
        },
        "Drive.Losses.PolicyLoss.mean": {
            "value": 0.02260010940488428,
            "min": 0.017946760503885648,
            "max": 0.02260010940488428,
            "count": 2
        },
        "Drive.Losses.PolicyLoss.sum": {
            "value": 0.11300054702442139,
            "min": 0.017946760503885648,
            "max": 0.11300054702442139,
            "count": 2
        },
        "Drive.Losses.ValueLoss.mean": {
            "value": 1.6641620874404908,
            "min": 0.45018600126107533,
            "max": 1.6641620874404908,
            "count": 2
        },
        "Drive.Losses.ValueLoss.sum": {
            "value": 8.320810437202454,
            "min": 0.45018600126107533,
            "max": 8.320810437202454,
            "count": 2
        },
        "Drive.Policy.LearningRate.mean": {
            "value": 0.00012942347385886096,
            "min": 0.00012942347385886096,
            "max": 0.00012989333670224002,
            "count": 2
        },
        "Drive.Policy.LearningRate.sum": {
            "value": 0.0006471173692943048,
            "min": 0.00012989333670224002,
            "max": 0.0006471173692943048,
            "count": 2
        },
        "Drive.Policy.Epsilon.mean": {
            "value": 0.143141139,
            "min": 0.143141139,
            "max": 0.14329776,
            "count": 2
        },
        "Drive.Policy.Epsilon.sum": {
            "value": 0.715705695,
            "min": 0.14329776,
            "max": 0.715705695,
            "count": 2
        },
        "Drive.Policy.Beta.mean": {
            "value": 0.0021627428361000005,
            "min": 0.0021627428361000005,
            "max": 0.0021705582240000004,
            "count": 2
        },
        "Drive.Policy.Beta.sum": {
            "value": 0.010813714180500002,
            "min": 0.0021705582240000004,
            "max": 0.010813714180500002,
            "count": 2
        },
        "Drive.IsTraining.mean": {
            "value": 1.0,
            "min": 1.0,
            "max": 1.0,
            "count": 2
        },
        "Drive.IsTraining.sum": {
            "value": 1.0,
            "min": 1.0,
            "max": 1.0,
            "count": 2
        },
        "Drive.Environment.EpisodeLength.mean": {
            "value": 2274.576923076923,
            "min": 2274.576923076923,
            "max": 2274.576923076923,
            "count": 1
        },
        "Drive.Environment.EpisodeLength.sum": {
            "value": 59139.0,
            "min": 59139.0,
            "max": 59139.0,
            "count": 1
        },
        "Drive.Environment.CumulativeReward.mean": {
            "value": 213.4061617187511,
            "min": 213.4061617187511,
            "max": 213.4061617187511,
            "count": 1
        },
        "Drive.Environment.CumulativeReward.sum": {
            "value": 5548.560204687528,
            "min": 5548.560204687528,
            "max": 5548.560204687528,
            "count": 1
        },
        "Drive.Policy.ExtrinsicReward.mean": {
            "value": 213.4061617187511,
            "min": 213.4061617187511,
            "max": 213.4061617187511,
            "count": 1
        },
        "Drive.Policy.ExtrinsicReward.sum": {
            "value": 5548.560204687528,
            "min": 5548.560204687528,
            "max": 5548.560204687528,
            "count": 1
        }
    },
    "metadata": {
        "timer_format_version": "0.1.0",
        "start_time_seconds": "1676585840",
        "python_version": "3.9.13 (tags/v3.9.13:6de2ca5, May 17 2022, 16:36:42) [MSC v.1929 64 bit (AMD64)]",
        "command_line_arguments": "E:\\UBA No Sync\\Inteligencia Artificial\\ai-driver\\venv\\Scripts\\mlagents-learn config/configuration.yaml --run-id=M2V2 --resume",
        "mlagents_version": "0.30.0",
        "mlagents_envs_version": "0.30.0",
        "communication_protocol_version": "1.5.0",
        "pytorch_version": "1.7.1+cu110",
        "numpy_version": "1.21.2",
        "end_time_seconds": "1676586031"
    },
    "total": 191.1394786,
    "count": 1,
    "self": 0.008073899999999412,
    "children": {
        "run_training.setup": {
            "total": 0.12491269999999988,
            "count": 1,
            "self": 0.12491269999999988
        },
        "TrainerController.start_learning": {
            "total": 191.00649199999998,
            "count": 1,
            "self": 0.14570130000026893,
            "children": {
                "TrainerController._reset_env": {
                    "total": 23.201353,
                    "count": 1,
                    "self": 23.201353
                },
                "TrainerController.advance": {
                    "total": 167.5619406999997,
                    "count": 7217,
                    "self": 0.12889899999993304,
                    "children": {
                        "env_step": {
                            "total": 141.2133409000004,
                            "count": 7217,
                            "self": 126.08850530000082,
                            "children": {
                                "SubprocessEnvManager._take_step": {
                                    "total": 15.042671699999111,
                                    "count": 7218,
                                    "self": 0.4353020999988537,
                                    "children": {
                                        "TorchPolicy.evaluate": {
                                            "total": 14.607369600000258,
                                            "count": 7218,
                                            "self": 14.607369600000258
                                        }
                                    }
                                },
                                "workers": {
                                    "total": 0.08216390000045593,
                                    "count": 7216,
                                    "self": 0.0,
                                    "children": {
                                        "worker_root": {
                                            "total": 90.13269139999977,
                                            "count": 7216,
                                            "is_parallel": true,
                                            "self": 50.74558720000009,
                                            "children": {
                                                "steps_from_proto": {
                                                    "total": 0.0011984999999974377,
                                                    "count": 2,
                                                    "is_parallel": true,
                                                    "self": 0.0003155999999933101,