{
    "name": "root",
    "gauges": {
        "Drive.Policy.Entropy.mean": {
            "value": 0.7373875379562378,
            "min": 0.7372384667396545,
            "max": 0.761250376701355,
            "count": 62
        },
        "Drive.Policy.Entropy.sum": {
            "value": 36999.15625,
            "min": 34786.09765625,
            "max": 38167.609375,
            "count": 62
        },
        "Drive.Step.mean": {
            "value": 32199993.0,
            "min": 29149948.0,
            "max": 32199993.0,
            "count": 62
        },
        "Drive.Step.sum": {
            "value": 32199993.0,
            "min": 29149948.0,
            "max": 32199993.0,
            "count": 62
        },
        "Drive.Policy.ExtrinsicValueEstimate.mean": {
            "value": 18.24445915222168,
            "min": 13.768832206726074,
            "max": 18.27657127380371,
            "count": 62
        },
        "Drive.Policy.ExtrinsicValueEstimate.sum": {
            "value": 14285.4111328125,
            "min": 10429.990234375,
            "max": 14292.2783203125,
            "count": 62
        },
        "Drive.Environment.EpisodeLength.mean": {
            "value": 3517.0,
            "min": 1430.4285714285713,
            "max": 6407.714285714285,
            "count": 61
        },
        "Drive.Environment.EpisodeLength.sum": {
            "value": 10551.0,
            "min": 2890.0,
            "max": 99128.0,
            "count": 61
        },
        "Drive.Environment.CumulativeReward.mean": {
            "value": 495.9713275829951,
            "min": 118.46740843994277,
            "max": 1186.5540595820971,
            "count": 61
        },
        "Drive.Environment.CumulativeReward.sum": {
            "value": 1487.9139827489853,
            "min": 339.6280552446842,
            "max": 16939.148556537926,
            "count": 61
        },
        "Drive.Policy.ExtrinsicReward.mean": {
            "value": 495.9713275829951,
            "min": 118.46740843994277,
            "max": 1186.5540595820971,
            "count": 61
        },
        "Drive.Policy.ExtrinsicReward.sum": {
            "value": 1487.9139827489853,
            "min": 339.6280552446842,
            "max": 16939.148556537926,
            "count": 61
        },
        "Drive.Losses.PolicyLoss.mean": {
            "value": 0.022030924386732903,
            "min": 0.02072331729034583,
            "max": 0.02702782901314398,
            "count": 62
        },
        "Drive.Losses.PolicyLoss.sum": {
            "value": 0.08812369754693161,
            "min": 0.08777022667539616,
            "max": 0.1351391450657199,
            "count": 62
        },
        "Drive.Losses.ValueLoss.mean": {
            "value": 0.7581091115872065,
            "min": 0.7439454219738642,
            "max": 3.339842712879181,
            "count": 62
        },
        "Drive.Losses.ValueLoss.sum": {
            "value": 3.032436446348826,
            "min": 3.032436446348826,
            "max": 16.699213564395905,
            "count": 62
        },
        "Drive.Policy.LearningRate.mean": {
            "value": 2.4219734783928573e-05,
            "min": 2.4219734783928573e-05,
            "max": 5.030218251834786e-05,
            "count": 62
        },
        "Drive.Policy.LearningRate.sum": {
            "value": 9.68789391357143e-05,
            "min": 9.68789391357143e-05,
            "max": 0.00024951331397189144,
            "count": 62
        },
        "Drive.Policy.Epsilon.mean": {
            "value": 0.10807321428571429,
            "min": 0.10807321428571429,
            "max": 0.11676736642857145,
            "count": 62
        },
        "Drive.Policy.Epsilon.sum": {
            "value": 0.43229285714285715,
            "min": 0.43229285714285715,
            "max": 0.5831709657142858,
            "count": 62
        },
        "Drive.Policy.Beta.mean": {
            "value": 0.0004128533928571429,
            "min": 0.0004128533928571429,
            "max": 0.0008466915847857144,
            "count": 62
        },
        "Drive.Policy.Beta.sum": {
            "value": 0.0016514135714285716,
            "min": 0.0016514135714285716,
            "max": 0.004200231189142858,
            "count": 62
        },
        "Drive.IsTraining.mean": {
            "value": 1.0,
            "min": 1.0,
            "max": 1.0,
            "count": 62
        },
        "Drive.IsTraining.sum": {
            "value": 1.0,
            "min": 1.0,
            "max": 1.0,
            "count": 62
        }
    },
    "metadata": {
        "timer_format_version": "0.1.0",
        "start_time_seconds": "1677617420",
        "python_version": "3.9.13 (tags/v3.9.13:6de2ca5, May 17 2022, 16:36:42) [MSC v.1929 64 bit (AMD64)]",
        "command_line_arguments": "E:\\UBA No Sync\\Inteligencia Artificial\\ai-driver\\venv\\Scripts\\mlagents-learn config/configuration.yaml --run-id=M3 --resume",
        "mlagents_version": "0.30.0",
        "mlagents_envs_version": "0.30.0",
        "communication_protocol_version": "1.5.0",
        "pytorch_version": "1.7.1+cu110",
        "numpy_version": "1.21.2",
        "end_time_seconds": "1677620794"
    },
    "total": 3373.8621361,
    "count": 1,
    "self": 0.039356100000077276,
    "children": {
        "run_training.setup": {
            "total": 0.1723397000000002,
            "count": 1,
            "self": 0.1723397000000002
        },
        "TrainerController.start_learning": {
            "total": 3373.6504403,
            "count": 1,
            "self": 4.55158449999908,
            "children": {
                "TrainerController._reset_env": {
                    "total": 21.763534300000003,
                    "count": 1,
                    "self": 21.763534300000003
                },
                "TrainerController.advance": {
                    "total": 3347.254470300001,
                    "count": 221834,
                    "self": 4.47807899998088,
                    "children": {
                        "env_step": {
                            "total": 2402.0928061000554,
                            "count": 221834,
                            "self": 1971.5775445000845,
                            "children": {
                                "SubprocessEnvManager._take_step": {
                                    "total": 427.74825109996596,
                                    "count": 221834,
                                    "self": 13.836372599957087,
                                    "children": {
                                        "TorchPolicy.evaluate": {
                                            "total": 413.91187850000887,
                                            "count": 221834,
                                            "self": 413.91187850000887
                                        }
                                    }
                                },
                                "workers": {
                                    "total": 2.767010500004872,
                                    "count": 221833,
                                    "self": 0.0,
                                    "children": {
                                        "worker_root": {
                                            "total": 3293.4918363999022,
                                            "count": 221833,
                                            "is_parallel": true,
                                            "self": 1660.7540739999206,
                                            "children": {
                                                "steps_from_proto": {
                                                    "total": 0.02997350000000054,
                                                    "count": 1,
                                                    "is_parallel": true,
                                                    "self": 0.00019729999999995584,