{
    "name": "root",
    "gauges": {
        "Drive.Policy.Entropy.mean": {
            "value": 0.7620081305503845,
            "min": 0.7620081305503845,
            "max": 0.8111461997032166,
            "count": 82
        },
        "Drive.Policy.Entropy.sum": {
            "value": 37658.44140625,
            "min": 14510.84765625,
            "max": 40679.69921875,
            "count": 82
        },
        "Drive.Step.mean": {
            "value": 29099937.0,
            "min": 25049995.0,
            "max": 29099937.0,
            "count": 82
        },
        "Drive.Step.sum": {
            "value": 29099937.0,
            "min": 25049995.0,
            "max": 29099937.0,
            "count": 82
        },
        "Drive.Policy.ExtrinsicValueEstimate.mean": {
            "value": 17.701202392578125,
            "min": 11.35113525390625,
            "max": 17.701202392578125,
            "count": 82
        },
        "Drive.Policy.ExtrinsicValueEstimate.sum": {
            "value": 13860.0419921875,
            "min": 3087.5087890625,
            "max": 13860.0419921875,
            "count": 82
        },
        "Drive.Environment.EpisodeLength.mean": {
            "value": 5376.75,
            "min": 828.2,
            "max": 5376.75,
            "count": 82
        },
        "Drive.Environment.EpisodeLength.sum": {
            "value": 21507.0,
            "min": 2969.0,
            "max": 102893.0,
            "count": 82
        },
        "Drive.Environment.CumulativeReward.mean": {
            "value": 797.8869264796376,
            "min": 0.8067121922969818,
            "max": 833.4650637908942,
            "count": 82
        },
        "Drive.Environment.CumulativeReward.sum": {
            "value": 3191.5477059185505,
            "min": 4.033560961484909,
            "max": 17634.466699287295,
            "count": 82
        },
        "Drive.Policy.ExtrinsicReward.mean": {
            "value": 797.8869264796376,
            "min": 0.8067121922969818,
            "max": 833.4650637908942,
            "count": 82
        },
        "Drive.Policy.ExtrinsicReward.sum": {
            "value": 3191.5477059185505,
            "min": 4.033560961484909,
            "max": 17634.466699287295,
            "count": 82
        },
        "Drive.Losses.PolicyLoss.mean": {
            "value": 0.020668004051161308,
            "min": 0.02055146750373145,
            "max": 0.0299954580841586,
            "count": 82
        },
        "Drive.Losses.PolicyLoss.sum": {
            "value": 0.10334002025580655,
            "min": 0.027265515411272645,
            "max": 0.149977290420793,
            "count": 82
        },
        "Drive.Losses.ValueLoss.mean": {
            "value": 0.8885525058706601,
            "min": 0.6742006368935108,
            "max": 3.2323668773969016,
            "count": 82
        },
        "Drive.Losses.ValueLoss.sum": {
            "value": 4.442762529353301,
            "min": 2.5391999244689942,
            "max": 16.16183438698451,
            "count": 82
        },
        "Drive.Policy.LearningRate.mean": {
            "value": 5.078569792860458e-05,
            "min": 5.078569792860458e-05,
            "max": 8.534203155268001e-05,
            "count": 82
        },
        "Drive.Policy.LearningRate.sum": {
            "value": 0.0002539284896430229,
            "min": 8.534203155268001e-05,
            "max": 0.00042537519249410277,
            "count": 82
        },
        "Drive.Policy.Epsilon.mean": {
            "value": 0.1169285382857143,
            "min": 0.1169285382857143,
            "max": 0.12844731999999995,
            "count": 82
        },
        "Drive.Policy.Epsilon.sum": {
            "value": 0.5846426914285715,
            "min": 0.12844731999999995,
            "max": 0.6417916114285714,
            "count": 82
        },
        "Drive.Policy.Beta.mean": {
            "value": 0.000854734060457143,
            "min": 0.000854734060457143,
            "max": 0.001429521268,
            "count": 82
        },
        "Drive.Policy.Beta.sum": {
            "value": 0.004273670302285715,
            "min": 0.001429521268,
            "max": 0.0071254014102857125,
            "count": 82
        },
        "Drive.IsTraining.mean": {
            "value": 1.0,
            "min": 1.0,
            "max": 1.0,
            "count": 82
        },
        "Drive.IsTraining.sum": {
            "value": 1.0,
            "min": 1.0,
            "max": 1.0,
            "count": 82
        }
    },
    "metadata": {
        "timer_format_version": "0.1.0",
        "start_time_seconds": "1677010265",
        "python_version": "3.9.13 (tags/v3.9.13:6de2ca5, May 17 2022, 16:36:42) [MSC v.1929 64 bit (AMD64)]",
        "command_line_arguments": "E:\\UBA No Sync\\Inteligencia Artificial\\ai-driver\\venv\\Scripts\\mlagents-learn config/configuration.yaml --run-id=M3 --resume",
        "mlagents_version": "0.30.0",
        "mlagents_envs_version": "0.30.0",
        "communication_protocol_version": "1.5.0",
        "pytorch_version": "1.7.1+cu110",
        "numpy_version": "1.21.2",
        "end_time_seconds": "1677014776"
    },
    "total": 4510.398432700001,
    "count": 1,
    "self": 0.005527700001039193,
    "children": {
        "run_training.setup": {
            "total": 0.12099729999999997,
            "count": 1,
            "self": 0.12099729999999997
        },
        "TrainerController.start_learning": {
            "total": 4510.271907699999,
            "count": 1,
            "self": 6.149818399961987,
            "children": {
                "TrainerController._reset_env": {
                    "total": 9.301318100000001,
                    "count": 1,
                    "self": 9.301318100000001
                },
                "TrainerController.advance": {
                    "total": 4494.7496767000375,
                    "count": 290884,
                    "self": 6.00613500005602,
                    "children": {
                        "env_step": {
                            "total": 3245.5891976000053,
                            "count": 290884,
                            "self": 2623.145454699988,
                            "children": {
                                "SubprocessEnvManager._take_step": {
                                    "total": 618.7627967000412,
                                    "count": 290884,
                                    "self": 19.187881200025117,
                                    "children": {
                                        "TorchPolicy.evaluate": {
                                            "total": 599.5749155000161,
                                            "count": 290884,
                                            "self": 599.5749155000161
                                        }
                                    }
                                },
                                "workers": {
                                    "total": 3.68094619997591,
                                    "count": 290883,
                                    "self": 0.0,
                                    "children": {
                                        "worker_root": {
                                            "total": 4478.214054799986,
                                            "count": 290883,
                                            "is_parallel": true,
                                            "self": 2250.9926458000164,
                                            "children": {
                                                "steps_from_proto": {
                                                    "total": 0.0010900000000004795,
                                                    "count": 1,
                                                    "is_parallel": true,
                                                    "self": 0.0001996000000010767,