{
    "name": "root",
    "gauges": {
        "Drive.Policy.Entropy.mean": {
            "value": 0.8345343470573425,
            "min": 0.8342663049697876,
            "max": 0.9400489330291748,
            "count": 86
        },
        "Drive.Policy.Entropy.sum": {
            "value": 41546.45703125,
            "min": 12383.6435546875,
            "max": 47023.12890625,
            "count": 86
        },
        "Drive.Step.mean": {
            "value": 23599960.0,
            "min": 19349988.0,
            "max": 23599960.0,
            "count": 86
        },
        "Drive.Step.sum": {
            "value": 23599960.0,
            "min": 19349988.0,
            "max": 23599960.0,
            "count": 86
        },
        "Drive.Policy.ExtrinsicValueEstimate.mean": {
            "value": 13.431445121765137,
            "min": 6.835886478424072,
            "max": 16.929475784301758,
            "count": 86
        },
        "Drive.Policy.ExtrinsicValueEstimate.sum": {
            "value": 10624.2734375,
            "min": 1360.3414306640625,
            "max": 13238.849609375,
            "count": 86
        },
        "Drive.Environment.EpisodeLength.mean": {
            "value": 2721.4,
            "min": 443.14285714285717,
            "max": 3645.962962962963,
            "count": 86
        },
        "Drive.Environment.EpisodeLength.sum": {
            "value": 54428.0,
            "min": 3102.0,
            "max": 98441.0,
            "count": 86
        },
        "Drive.Environment.CumulativeReward.mean": {
            "value": 389.2811597034335,
            "min": -22.68607802476202,
            "max": 576.1884029996409,
            "count": 86
        },
        "Drive.Environment.CumulativeReward.sum": {
            "value": 7785.62319406867,
            "min": -158.80254617333412,
            "max": 15557.086880990304,
            "count": 86
        },
        "Drive.Policy.ExtrinsicReward.mean": {
            "value": 389.2811597034335,
            "min": -22.68607802476202,
            "max": 576.1884029996409,
            "count": 86
        },
        "Drive.Policy.ExtrinsicReward.sum": {
            "value": 7785.62319406867,
            "min": -158.80254617333412,
            "max": 15557.086880990304,
            "count": 86
        },
        "Drive.Losses.PolicyLoss.mean": {
            "value": 0.022979676933027805,
            "min": 0.020146224911635122,
            "max": 0.027555611555775007,
            "count": 86
        },
        "Drive.Losses.PolicyLoss.sum": {
            "value": 0.09191870773211122,
            "min": 0.020146224911635122,
            "max": 0.13777805777887503,
            "count": 86
        },
        "Drive.Losses.ValueLoss.mean": {
            "value": 2.1835897346337636,
            "min": 0.7516269073883692,
            "max": 4.600888069470724,
            "count": 86
        },
        "Drive.Losses.ValueLoss.sum": {
            "value": 8.734358938535054,
            "min": 3.758134536941846,
            "max": 18.553639793395995,
            "count": 86
        },
        "Drive.Policy.LearningRate.mean": {
            "value": 9.79229495018964e-05,
            "min": 9.79229495018964e-05,
            "max": 0.00013415950670875432,
            "count": 86
        },
        "Drive.Policy.LearningRate.sum": {
            "value": 0.0003916917980075856,
            "min": 0.00013415950670875432,
            "max": 0.0006694754854130257,
            "count": 86
        },
        "Drive.Policy.Epsilon.mean": {
            "value": 0.13264096071428572,
            "min": 0.13264096071428572,
            "max": 0.14471981714285712,
            "count": 86
        },
        "Drive.Policy.Epsilon.sum": {
            "value": 0.5305638428571429,
            "min": 0.14471981714285712,
            "max": 0.723158402857143,
            "count": 86
        },
        "Drive.Policy.Beta.mean": {
            "value": 0.0016387839396428574,
            "min": 0.0016387839396428574,
            "max": 0.0022415188754285726,
            "count": 86
        },
        "Drive.Policy.Beta.sum": {
            "value": 0.00655513575857143,
            "min": 0.0022415188754285726,
            "max": 0.011185604302571431,
            "count": 86
        },
        "Drive.IsTraining.mean": {
            "value": 1.0,
            "min": 1.0,
            "max": 1.0,
            "count": 86
        },
        "Drive.IsTraining.sum": {
            "value": 1.0,
            "min": 1.0,
            "max": 1.0,
            "count": 86
        }
    },
    "metadata": {
        "timer_format_version": "0.1.0",
        "start_time_seconds": "1676946450",
        "python_version": "3.9.13 (tags/v3.9.13:6de2ca5, May 17 2022, 16:36:42) [MSC v.1929 64 bit (AMD64)]",
        "command_line_arguments": "E:\\UBA No Sync\\Inteligencia Artificial\\ai-driver\\venv\\Scripts\\mlagents-learn config/configuration.yaml --run-id=M3 --resume",
        "mlagents_version": "0.30.0",
        "mlagents_envs_version": "0.30.0",
        "communication_protocol_version": "1.5.0",
        "pytorch_version": "1.7.1+cu110",
        "numpy_version": "1.21.2",
        "end_time_seconds": "1676951361"
    },
    "total": 4911.0389073,
    "count": 1,
    "self": 0.007517599999118829,
    "children": {
        "run_training.setup": {
            "total": 0.14003900000000002,
            "count": 1,
            "self": 0.14003900000000002
        },
        "TrainerController.start_learning": {
            "total": 4910.891350700001,
            "count": 1,
            "self": 6.5707276001112405,
            "children": {
                "TrainerController._reset_env": {
                    "total": 10.962719400000001,
                    "count": 1,
                    "self": 10.962719400000001
                },
                "TrainerController.advance": {
                    "total": 4893.26377779989,
                    "count": 306717,
                    "self": 6.390070800372996,
                    "children": {
                        "env_step": {
                            "total": 3529.391164399804,
                            "count": 306717,
                            "self": 2921.0955950998778,
                            "children": {
                                "SubprocessEnvManager._take_step": {
                                    "total": 604.3434373999762,
                                    "count": 306717,
                                    "self": 20.393472799936262,
                                    "children": {
                                        "TorchPolicy.evaluate": {
                                            "total": 583.94996460004,
                                            "count": 306717,
                                            "self": 583.94996460004
                                        }
                                    }
                                },
                                "workers": {
                                    "total": 3.9521318999499115,
                                    "count": 306716,
                                    "self": 0.0,
                                    "children": {
                                        "worker_root": {
                                            "total": 4826.675616700101,
                                            "count": 306716,
                                            "is_parallel": true,
                                            "self": 2370.8583655000048,
                                            "children": {
                                                "steps_from_proto": {
                                                    "total": 0.0007479999999997489,
                                                    "count": 1,
                                                    "is_parallel": true,
                                                    "self": 0.00015509999999885338,