{
    "name": "root",
    "gauges": {
        "Drive.Policy.Entropy.mean": {
            "value": 1.211357593536377,
            "min": 1.211357593536377,
            "max": 1.2178544998168945,
            "count": 11
        },
        "Drive.Policy.Entropy.sum": {
            "value": 60495.1953125,
            "min": 23309.734375,
            "max": 61259.42578125,
            "count": 11
        },
        "Drive.Step.mean": {
            "value": 4649980.0,
            "min": 4149939.0,
            "max": 4649980.0,
            "count": 11
        },
        "Drive.Step.sum": {
            "value": 4649980.0,
            "min": 4149939.0,
            "max": 4649980.0,
            "count": 11
        },
        "Drive.Policy.ExtrinsicValueEstimate.mean": {
            "value": 18.93313217163086,
            "min": 17.748004913330078,
            "max": 19.691558837890625,
            "count": 11
        },
        "Drive.Policy.ExtrinsicValueEstimate.sum": {
            "value": 14995.041015625,
            "min": 5288.9052734375,
            "max": 15556.33203125,
            "count": 11
        },
        "Drive.Environment.EpisodeLength.mean": {
            "value": 2290.4,
            "min": 727.5,
            "max": 4169.1,
            "count": 11
        },
        "Drive.Environment.EpisodeLength.sum": {
            "value": 45808.0,
            "min": 8730.0,
            "max": 58859.0,
            "count": 11
        },
        "Drive.Environment.CumulativeReward.mean": {
            "value": 436.3643037319183,
            "min": 120.17412240306537,
            "max": 847.3347708702088,
            "count": 11
        },
        "Drive.Environment.CumulativeReward.sum": {
            "value": 8727.286074638367,
            "min": 1442.0894688367844,
            "max": 11806.576266288757,
            "count": 11
        },
        "Drive.Policy.ExtrinsicReward.mean": {
            "value": 436.3643037319183,
            "min": 120.17412240306537,
            "max": 847.3347708702088,
            "count": 11
        },
        "Drive.Policy.ExtrinsicReward.sum": {
            "value": 8727.286074638367,
            "min": 1442.0894688367844,
            "max": 11806.576266288757,
            "count": 11
        },
        "Drive.Losses.PolicyLoss.mean": {
            "value": 0.025211573047563433,
            "min": 0.020435533827791612,
            "max": 0.025211573047563433,
            "count": 11
        },
        "Drive.Losses.PolicyLoss.sum": {
            "value": 0.12605786523781717,
            "min": 0.020435533827791612,
            "max": 0.12605786523781717,
            "count": 11
        },
        "Drive.Losses.ValueLoss.mean": {
            "value": 3.3625620762507125,
            "min": 2.027191231648127,
            "max": 5.654911176363627,
            "count": 11
        },
        "Drive.Losses.ValueLoss.sum": {
            "value": 16.812810381253563,
            "min": 5.654911176363627,
            "max": 18.612172186374664,
            "count": 11
        },
        "Drive.Policy.LearningRate.mean": {
            "value": 2.2510628496487994e-05,
            "min": 2.2510628496487994e-05,
            "max": 5.151068282979999e-05,
            "count": 11
        },
        "Drive.Policy.LearningRate.sum": {
            "value": 0.00011255314248243997,
            "min": 5.151068282979999e-05,
            "max": 0.00024822995725682013,
            "count": 11
        },
        "Drive.Policy.Epsilon.mean": {
            "value": 0.107503512,
            "min": 0.107503512,
            "max": 0.11717019999999997,
            "count": 11
        },
        "Drive.Policy.Epsilon.sum": {
            "value": 0.53751756,
            "min": 0.11717019999999997,
            "max": 0.5827431800000001,
            "count": 11
        },
        "Drive.Policy.Beta.mean": {
            "value": 0.0003844252487999999,
            "min": 0.0003844252487999999,
            "max": 0.00086679298,
            "count": 11
        },
        "Drive.Policy.Beta.sum": {
            "value": 0.0019221262439999994,
            "min": 0.00086679298,
            "max": 0.0041788846820000015,
            "count": 11
        },
        "Drive.IsTraining.mean": {
            "value": 1.0,
            "min": 1.0,
            "max": 1.0,
            "count": 11
        },
        "Drive.IsTraining.sum": {
            "value": 1.0,
            "min": 1.0,
            "max": 1.0,
            "count": 11
        }
    },
    "metadata": {
        "timer_format_version": "0.1.0",
        "start_time_seconds": "1675656302",
        "python_version": "3.9.13 (tags/v3.9.13:6de2ca5, May 17 2022, 16:36:42) [MSC v.1929 64 bit (AMD64)]",
        "command_line_arguments": "E:\\UBA No Sync\\Inteligencia Artificial\\ai-driver\\venv\\Scripts\\mlagents-learn config/configuration.yaml --resume",
        "mlagents_version": "0.30.0",
        "mlagents_envs_version": "0.30.0",
        "communication_protocol_version": "1.5.0",
        "pytorch_version": "1.7.1+cu110",
        "numpy_version": "1.21.2",
        "end_time_seconds": "1675656904"
    },
    "total": 602.0721641,
    "count": 1,
    "self": 0.00613429999998516,
    "children": {
        "run_training.setup": {
            "total": 0.11720960000000002,
            "count": 1,
            "self": 0.11720960000000002
        },
        "TrainerController.start_learning": {
            "total": 601.9488202,
            "count": 1,
            "self": 1.0953738000006297,
            "children": {
                "TrainerController._reset_env": {
                    "total": 8.619549,
                    "count": 1,
                    "self": 8.619549
                },
                "TrainerController.advance": {
                    "total": 592.1753052999994,
                    "count": 53800,
                    "self": 0.9186619000062137,
                    "children": {
                        "env_step": {
                            "total": 435.15650209999967,
                            "count": 53800,
                            "self": 339.21620180000616,
                            "children": {
                                "SubprocessEnvManager._take_step": {
                                    "total": 95.30262259999719,
                                    "count": 53801,
                                    "self": 3.1409859999816945,
                                    "children": {
                                        "TorchPolicy.evaluate": {
                                            "total": 92.1616366000155,
                                            "count": 53801,
                                            "self": 92.1616366000155
                                        }
                                    }
                                },
                                "workers": {
                                    "total": 0.6376776999962956,
                                    "count": 53799,
                                    "self": 0.0,
                                    "children": {
                                        "worker_root": {
                                            "total": 546.4090811000035,
                                            "count": 53799,
                                            "is_parallel": true,
                                            "self": 310.66982330000565,
                                            "children": {
                                                "steps_from_proto": {
                                                    "total": 0.00135479999999788,
                                                    "count": 2,
                                                    "is_parallel": true,
                                                    "self": 0.00044419999999423254,