{
    "name": "root",
    "gauges": {
        "Drive.Policy.Entropy.mean": {
            "value": 1.4188282489776611,
            "min": 1.4177861213684082,
            "max": 1.4463766813278198,
            "count": 15
        },
        "Drive.Policy.Entropy.sum": {
            "value": 70827.90625,
            "min": 70794.3515625,
            "max": 72535.7890625,
            "count": 15
        },
        "Drive.Step.mean": {
            "value": 749982.0,
            "min": 49955.0,
            "max": 749982.0,
            "count": 15
        },
        "Drive.Step.sum": {
            "value": 749982.0,
            "min": 49955.0,
            "max": 749982.0,
            "count": 15
        },
        "Drive.Policy.ExtrinsicValueEstimate.mean": {
            "value": 5.147015571594238,
            "min": 0.30579888820648193,
            "max": 5.398505210876465,
            "count": 15
        },
        "Drive.Policy.ExtrinsicValueEstimate.sum": {
            "value": 4019.819091796875,
            "min": 239.44052124023438,
            "max": 4248.62353515625,
            "count": 15
        },
        "Drive.Losses.PolicyLoss.mean": {
            "value": 0.026606114100043973,
            "min": 0.02166289303141336,
            "max": 0.026606114100043973,
            "count": 15
        },
        "Drive.Losses.PolicyLoss.sum": {
            "value": 0.10642445640017589,
            "min": 0.09232356937912603,
            "max": 0.12564787585288287,
            "count": 15
        },
        "Drive.Losses.ValueLoss.mean": {
            "value": 0.023778998230894407,
            "min": 0.020587653468052546,
            "max": 1.5606729954481124,
            "count": 15
        },
        "Drive.Losses.ValueLoss.sum": {
            "value": 0.09511599292357763,
            "min": 0.09511599292357763,
            "max": 7.803364977240562,
            "count": 15
        },
        "Drive.Policy.LearningRate.mean": {
            "value": 0.00025639117453628,
            "min": 0.00025639117453628,
            "max": 0.00029837689554103493,
            "count": 15
        },
        "Drive.Policy.LearningRate.sum": {
            "value": 0.00102556469814512,
            "min": 0.00102556469814512,
            "max": 0.0014778558673813795,
            "count": 15
        },
        "Drive.Policy.Epsilon.mean": {
            "value": 0.18546372,
            "min": 0.18546372,
            "max": 0.19945896500000002,
            "count": 15
        },
        "Drive.Policy.Epsilon.sum": {
            "value": 0.74185488,
            "min": 0.74185488,
            "max": 0.9926186200000003,
            "count": 15
        },
        "Drive.Policy.Beta.mean": {
            "value": 0.004274639628,
            "min": 0.004274639628,
            "max": 0.004973002353499999,
            "count": 15
        },
        "Drive.Policy.Beta.sum": {
            "value": 0.017098558512,
            "min": 0.017098558512,
            "max": 0.024631669138000002,
            "count": 15
        },
        "Drive.Environment.EpisodeLength.mean": {
            "value": 11998.0,
            "min": 1041.8333333333333,
            "max": 11998.0,
            "count": 12
        },
        "Drive.Environment.EpisodeLength.sum": {
            "value": 119980.0,
            "min": 25693.0,
            "max": 119980.0,
            "count": 12
        },
        "Drive.Environment.CumulativeReward.mean": {
            "value": 787.6424116373062,
            "min": 35.73720219135284,
            "max": 787.6424116373062,
            "count": 12
        },
        "Drive.Environment.CumulativeReward.sum": {
            "value": 7876.424116373062,
            "min": 581.5500560104847,
            "max": 7876.424116373062,
            "count": 12
        },
        "Drive.Policy.ExtrinsicReward.mean": {
            "value": 787.6424116373062,
            "min": 35.73720219135284,
            "max": 787.6424116373062,
            "count": 12
        },
        "Drive.Policy.ExtrinsicReward.sum": {
            "value": 7876.424116373062,
            "min": 581.5500560104847,
            "max": 7876.424116373062,
            "count": 12
        },
        "Drive.IsTraining.mean": {
            "value": 1.0,
            "min": 1.0,
            "max": 1.0,
            "count": 15
        },
        "Drive.IsTraining.sum": {
            "value": 1.0,
            "min": 1.0,
            "max": 1.0,
            "count": 15
        }
    },
    "metadata": {
        "timer_format_version": "0.1.0",
        "start_time_seconds": "1675648296",
        "python_version": "3.9.13 (tags/v3.9.13:6de2ca5, May 17 2022, 16:36:42) [MSC v.1929 64 bit (AMD64)]",
        "command_line_arguments": "E:\\UBA No Sync\\Inteligencia Artificial\\ai-driver\\venv\\Scripts\\mlagents-learn config/configuration.yaml --force",
        "mlagents_version": "0.30.0",
        "mlagents_envs_version": "0.30.0",
        "communication_protocol_version": "1.5.0",
        "pytorch_version": "1.7.1+cu110",
        "numpy_version": "1.21.2",
        "end_time_seconds": "1675649136"
    },
    "total": 839.8175709000001,
    "count": 1,
    "self": 0.009151100000053702,
    "children": {
        "run_training.setup": {
            "total": 0.11772009999999988,
            "count": 1,
            "self": 0.11772009999999988
        },
        "TrainerController.start_learning": {
            "total": 839.6906997,
            "count": 1,
            "self": 1.5849143999854505,
            "children": {
                "TrainerController._reset_env": {
                    "total": 10.3562765,
                    "count": 1,
                    "self": 10.3562765
                },
                "TrainerController.advance": {
                    "total": 827.6638752000146,
                    "count": 78584,
                    "self": 1.3388684000226476,
                    "children": {
                        "env_step": {
                            "total": 600.2914849999953,
                            "count": 78584,
                            "self": 473.82113910000635,
                            "children": {
                                "SubprocessEnvManager._take_step": {
                                    "total": 125.55709849998986,
                                    "count": 78585,
                                    "self": 4.707956399981299,
                                    "children": {
                                        "TorchPolicy.evaluate": {
                                            "total": 120.84914210000856,
                                            "count": 78585,
                                            "self": 120.84914210000856
                                        }
                                    }
                                },
                                "workers": {
                                    "total": 0.9132473999990793,
                                    "count": 78583,
                                    "self": 0.0,
                                    "children": {
                                        "worker_root": {
                                            "total": 762.4863200999941,
                                            "count": 78583,
                                            "is_parallel": true,
                                            "self": 438.6872591999884,
                                            "children": {
                                                "steps_from_proto": {
                                                    "total": 0.0012390000000053192,
                                                    "count": 2,
                                                    "is_parallel": true,
                                                    "self": 0.00030560000000434684,